"AssociationID","pValue","VariantID","GeneName","EntrezID","EFOID","Trait"
"15512","6e-12","rs10965235","CDKN2BAS","NA","EFO_0001065, EFO_0003761","endometriosis"
"16916","1e-09","rs12700667","intergenic","NA","EFO_0001065, EFO_0003761","endometriosis"
"16918","3e-07","rs2738113","intergenic","NA","EFO_0001065, EFO_0003761","endometriosis"
"25392","3e-11","rs7521902","WNT4","54361","EFO_0001065, EFO_0003761","endometriosis"
"25393","6e-09","rs13394619","GREB1","9687","EFO_0001065, EFO_0003761","endometriosis"
"25394","9e-08","rs4141819","NA","NA","EFO_0001065, EFO_0003761","endometriosis"
"25395","4e-10","rs7739264","NA","NA","EFO_0001065, EFO_0003761","endometriosis"
"25396","4e-09","rs12700667","intergenic","NA","EFO_0001065, EFO_0003761","endometriosis"
"25397","2e-09","rs1537377","CDKN2B-ASI, ARF, CDKN2A, CDKN2B","NA, NA, 1029, 1030","EFO_0001065, EFO_0003761","endometriosis"
"25398","5e-13","rs10859871","VEZT","55591","EFO_0001065, EFO_0003761","endometriosis"
"29828","3e-09","rs2235529","LOC100289113, ZBTB40, WNT4","NA, 9923, 54361","EFO_0001065, EFO_0003761","endometriosis"
"29829","6e-08","rs6757804","RBM43, RND3","375287, 390","EFO_0001065, EFO_0003761","endometriosis"
"29830","2e-07","rs6907340","RNF144B, ID4","255488, 3400","EFO_0001065, EFO_0003761","endometriosis"
"29833","9e-07","rs10975519","IL33","90865","EFO_0001065, EFO_0003761","endometriosis"
"29834","4e-07","rs10508881","HNRNPA3P1, LOC100130539","10151, NA","EFO_0001065, EFO_0003761","endometriosis"
"33206","7e-09","rs10917151, rs4654783, rs2235529","WNT4","54361","EFO_0001065, EFO_0003761","endometriosis"
"33208","8e-07","rs10917151, rs7521902, rs4654783, rs2235529, rs16826658","WNT4","54361","EFO_0001065, EFO_0003761","endometriosis"
"17518231","4e-07","rs11692361","MEIS1","4211","EFO_0001065, EFO_0003761","endometriosis"
"17518282","2e-09","rs4966038","IGF1R","3480","EFO_0001065, EFO_0003761","endometriosis"
"30530999","3e-09","rs6782972","NA","NA","EFO_0001065, EFO_0003761","endometriosis, endometrial carcinoma"
"30531022","4e-08","rs2218868","NA","NA","EFO_0001065, EFO_0003761","endometriosis, endometrial carcinoma"
"30531036","5e-07","rs2278868","NA","NA","EFO_0001065, EFO_0003761","endometriosis, endometrial carcinoma"
"19712247","6e-07","rs55938609","WNT4","54361","EFO_0001065, EFO_0003761","endometriosis"
"19712231","5e-07","rs6908034","ID4","3400","EFO_0001065, EFO_0003761","endometriosis"
"19712239","6e-07","rs12700667","NFE2L3","9603","EFO_0001065, EFO_0003761","endometriosis"
"19712325","4e-07","rs855965","EMX2","2018","EFO_0001065, EFO_0003761","endometriosis"
"19712333","8e-07","rs113850637","ALCAM","214","EFO_0001065, EFO_0003761","endometriosis"
"19712271","6e-07","rs138913144","LAMC3","10319","EFO_0001065, EFO_0003761","endometriosis"
"19712255","6e-07","rs116175374","CAPN14","440854","EFO_0001065, EFO_0003761","endometriosis"
"24377283","6e-07","rs3820445","NA","NA","EFO_0001065, EFO_0003761","endometriosis"
"24377293","6e-08","rs1432089","NA","NA","EFO_0001065, EFO_0003761","endometriosis"
"24377298","8e-08","rs11132055","NA","NA","EFO_0001065, EFO_0003761","endometriosis"
"24377308","5e-08","rs62355900","NA","NA","EFO_0001065, EFO_0003761","endometriosis"
"24377313","2e-08","rs644045","C2, LOC101929163, HLA-DRA","717, NA, 3122","EFO_0001065, EFO_0003761","endometriosis"
"24377319","5e-07","rs2300795","NA","NA","EFO_0001065, EFO_0003761","endometriosis"
"24377324","7e-07","rs1750034","NA","NA","EFO_0001065, EFO_0003761","endometriosis"
"24377329","8e-10","rs75801644","NA","NA","EFO_0001065, EFO_0003761","endometriosis"
"24377339","9e-07","rs16901004","NA","NA","EFO_0001065, EFO_0003761","endometriosis"
"24377374","9e-09","rs7942368","NA","NA","EFO_0001065, EFO_0003761","endometriosis"
"24377379","4e-07","rs427244","NA","NA","EFO_0001065, EFO_0003761","endometriosis"
"24377384","9e-07","rs10131751","NA","NA","EFO_0001065, EFO_0003761","endometriosis"
"24377394","5e-16","rs10129516","PARP1P2, RHOJ","145, 57381","EFO_0001065, EFO_0003761","endometriosis"
"24377423","3e-07","rs11085835","NA","NA","EFO_0001065, EFO_0003761","endometriosis"
"24377428","6e-07","rs10419023","NA","NA","EFO_0001065, EFO_0003761","endometriosis"
"24472399","1e-07","rs116250606","NA","NA","EFO_0001065, EFO_0003761","endometriosis"
"21308384","3e-17","rs11674184","GREB1","9687","EFO_0001065, EFO_0003761","endometriosis"
"21308389","3e-08","rs6546324","ETAA1","54465","EFO_0001065, EFO_0003761","endometriosis"
"21308394","1e-09","rs10167914","IL1A","3552","EFO_0001065, EFO_0003761","endometriosis"
"21308379","9e-17","rs12037376","WNT4","54361","EFO_0001065, EFO_0003761","endometriosis"
"21308439","1e-12","rs77294520","GREB1","9687","EFO_0001065, EFO_0003761","endometriosis"
"21308404","2e-10","rs760794","ID4","3400","EFO_0001065, EFO_0003761","endometriosis"
"21308409","9e-10","rs12700667","Intergenic","NA","EFO_0001065, EFO_0003761","endometriosis"
"21308414","1e-10","rs1537377","CDKN2B-AS1","100048912","EFO_0001065, EFO_0003761","endometriosis"
"21308419","2e-09","rs4762326","VEZT","55591","EFO_0001065, EFO_0003761","endometriosis"
"21308424","4e-08","rs1971256","CCDC170","80129","EFO_0001065, EFO_0003761","endometriosis"
"21308429","2e-08","rs71575922","SYNE1","23345","EFO_0001065, EFO_0003761","endometriosis"
"21308434","2e-08","rs74485684","FSHB","2488","EFO_0001065, EFO_0003761","endometriosis"
"21308454","3e-07","rs10757272","CDKN2B-AS1","100048912","EFO_0001065, EFO_0003761","endometriosis"
"21308444","3e-07","rs2206949","ESR1","2099","EFO_0001065, EFO_0003761","endometriosis"
"21308449","7e-08","rs17803970","SYNE1","23345","EFO_0001065, EFO_0003761","endometriosis"
"21308459","2e-07","rs1448792","intergenic","NA","EFO_0001065, EFO_0003761","endometriosis"
"21308464","1e-12","rs12037376","WNT4","54361","EFO_0001065, EFO_0003761","endometriosis"
"21308469","5e-08","rs10167914","IL1A","3552","EFO_0001065, EFO_0003761","endometriosis"
"21308474","3e-14","rs11674184","GREB1","9687","EFO_0001065, EFO_0003761","endometriosis"
"21308479","3e-07","rs6546324","ETAA1","54465","EFO_0001065, EFO_0003761","endometriosis"
"21308524","1e-07","rs1448792","intergenic","NA","EFO_0001065, EFO_0003761","endometriosis"
"21308489","2e-11","rs1903068","KDR","3791","EFO_0001065, EFO_0003761","endometriosis"
"21308494","1e-07","rs17803970","SYNE1","23345","EFO_0001065, EFO_0003761","endometriosis"
"21308499","1e-07","rs1971256","CCDC170","80129","EFO_0001065, EFO_0003761","endometriosis"
"21308504","2e-08","rs71575922","SYNE1","23345","EFO_0001065, EFO_0003761","endometriosis"
"21308509","7e-08","rs760794","ID4","3400","EFO_0001065, EFO_0003761","endometriosis"
"21308514","2e-08","rs12700667","Intergenic","NA","EFO_0001065, EFO_0003761","endometriosis"
"21308529","2e-08","rs1537377","CDKN2B-AS1","100048912","EFO_0001065, EFO_0003761","endometriosis"
"21308534","3e-08","rs74485684","FSHB","2488","EFO_0001065, EFO_0003761","endometriosis"
"21308399","1e-11","rs1903068","KDR","3791","EFO_0001065, EFO_0003761","endometriosis"
"21308484","1e-12","rs77294520","GREB1","9687","EFO_0001065, EFO_0003761","endometriosis"
"19712655","2e-09","rs12700667","NFE2L3","9603","EFO_0001065, EFO_0003761","endometriosis"
"19712663","1e-07","rs517875","NAALADL2","254827","EFO_0001065, EFO_0003761","endometriosis"
"19712672","1e-07","rs7041895","CDKN2BAS1","NA","EFO_0001065, EFO_0003761","endometriosis"
"19712682","3e-08","rs1250258","FNI","NA","EFO_0001065, EFO_0003761","endometriosis"
"19712691","3e-07","rs71415016","C14orf132","56967","EFO_0001065, EFO_0003761","endometriosis"
"19712309","6e-08","rs144240142","MAP3K4","4216","EFO_0001065, EFO_0003761","endometriosis"
"19712317","2e-07","rs200922190","CDC73","79577","EFO_0001065, EFO_0003761","endometriosis"
"19712699","5e-07","rs62469231","FOXP2","93986","EFO_0001065, EFO_0003761","endometriosis"
"19712707","6e-07","rs3920498","WNT4","54361","EFO_0001065, EFO_0003761","endometriosis"
"19712714","7e-07","rs6908034","ID4","3400","EFO_0001065, EFO_0003761","endometriosis"
"55995379","8e-07","rs56325297","NA","NA","EFO_0001065, EFO_0003761","endometriosis, migraine disorder"
"55995424","5e-07","rs12251016","NA","NA","EFO_0001065, EFO_0003761","endometriosis, migraine disorder"
"55995504","1e-07","rs7544256","NA","NA","EFO_0001065, EFO_0003761","endometriosis, migraine disorder"
"55995524","6e-08","rs17135931","NA","NA","EFO_0001065, EFO_0003761","endometriosis, migraine disorder"
"55995544","1e-08","rs11031005","FSHB","2488","EFO_0001065, EFO_0003761","endometriosis, migraine disorder"
"55692564","8e-07","rs59618069","Intergenic","NA","EFO_0001065, EFO_0003761","endometriosis"
"55692323","2e-07","rs6432216","Intergenic","NA","EFO_0001065, EFO_0003761","endometriosis"
"55692340","6e-07","rs59618069","Intergenic","NA","EFO_0001065, EFO_0003761","endometriosis"
"55692405","7e-07","rs150445207","Intergenic","NA","EFO_0001065, EFO_0003761","endometriosis"
"63619193","4e-09","rs9885896","NA","NA","EFO_0001065, EFO_0003761","endometriosis, unipolar depression"
"63619199","2e-09","rs12206488","NA","NA","EFO_0001065, EFO_0003761","endometriosis, unipolar depression"
"63619205","3e-08","rs2328370","NA","NA","EFO_0001065, EFO_0003761","endometriosis, unipolar depression"
"63619211","1e-08","rs9347896","NA","NA","EFO_0001065, EFO_0003761","endometriosis, unipolar depression"
"63619217","2e-09","rs11561993","NA","NA","EFO_0001065, EFO_0003761","endometriosis, unipolar depression"
"63619223","3e-08","rs11784932","NA","NA","EFO_0001065, EFO_0003761","endometriosis, unipolar depression"
"63619229","8e-09","rs1931391","NA","NA","EFO_0001065, EFO_0003761","endometriosis, unipolar depression"
"63619234","9e-09","rs62553458","NA","NA","EFO_0001065, EFO_0003761","endometriosis, unipolar depression"
"63619240","2e-08","rs13299293","NA","NA","EFO_0001065, EFO_0003761","endometriosis, unipolar depression"
"63619246","8e-09","rs2212333","NA","NA","EFO_0001065, EFO_0003761","endometriosis, unipolar depression"
"63619252","6e-09","rs7358418","NA","NA","EFO_0001065, EFO_0003761","endometriosis, unipolar depression"
"63619258","3e-08","rs9538160","NA","NA","EFO_0001065, EFO_0003761","endometriosis, unipolar depression"
"63619264","1e-08","rs35625885","NA","NA","EFO_0001065, EFO_0003761","endometriosis, unipolar depression"
"63619088","4e-08","rs1395455","NA","NA","EFO_0001065, EFO_0003761","endometriosis, unipolar depression"
"63619093","1e-08","rs1620977","NA","NA","EFO_0001065, EFO_0003761","endometriosis, unipolar depression"
"63619099","9e-10","rs6680839","NA","NA","EFO_0001065, EFO_0003761","endometriosis, unipolar depression"
"63619105","1e-08","rs2175177","NA","NA","EFO_0001065, EFO_0003761","endometriosis, unipolar depression"
"63619111","2e-08","rs11809140","NA","NA","EFO_0001065, EFO_0003761","endometriosis, unipolar depression"
"63619117","1e-08","rs72740410","NA","NA","EFO_0001065, EFO_0003761","endometriosis, unipolar depression"
"63619123","2e-09","rs78108344","NA","NA","EFO_0001065, EFO_0003761","endometriosis, unipolar depression"
"63619129","2e-09","rs12118913","NA","NA","EFO_0001065, EFO_0003761","endometriosis, unipolar depression"
"63619135","1e-09","rs2224873","NA","NA","EFO_0001065, EFO_0003761","endometriosis, unipolar depression"
"63619141","4e-10","rs12121863","NA","NA","EFO_0001065, EFO_0003761","endometriosis, unipolar depression"
"63619146","2e-10","rs9586","NA","NA","EFO_0001065, EFO_0003761","endometriosis, unipolar depression"
"63619151","3e-09","rs6778080","NA","NA","EFO_0001065, EFO_0003761","endometriosis, unipolar depression"
"63619163","4e-10","rs9835157","NA","NA","EFO_0001065, EFO_0003761","endometriosis, unipolar depression"
"63619169","4e-08","rs13118306","NA","NA","EFO_0001065, EFO_0003761","endometriosis, unipolar depression"
"63619175","1e-08","rs2134025","NA","NA","EFO_0001065, EFO_0003761","endometriosis, unipolar depression"
"63619181","5e-08","rs12512642","NA","NA","EFO_0001065, EFO_0003761","endometriosis, unipolar depression"
"63619157","5e-08","rs57273516","NA","NA","EFO_0001065, EFO_0003761","endometriosis, unipolar depression"
"63619187","9e-09","rs13164188","NA","NA","EFO_0001065, EFO_0003761","endometriosis, unipolar depression"
"93462745","2e-09","rs7412010","","","EFO_0001065, EFO_0003761","NA"
"93462750","3e-08","rs12192060","","","EFO_0001065, EFO_0003761","NA"
"93481287","2e-09","rs2235529","","","EFO_0001065, EFO_0003761","NA"
"93481292","1e-09","rs7580473","","","EFO_0001065, EFO_0003761","NA"
"93481297","3e-08","rs113537648","","","EFO_0001065, EFO_0003761","NA"
"93481302","5e-12","rs12173791","","","EFO_0001065, EFO_0003761","NA"
"93481307","5e-09","rs993184","","","EFO_0001065, EFO_0003761","NA"
"93481312","1e-09","rs35698191","","","EFO_0001065, EFO_0003761","NA"
"93481317","6e-10","rs398088169","","","EFO_0001065, EFO_0003761","NA"
