"ID","Trait","SNP rs","Context","Gene","Gene ID","Gene 2","Gene ID 2","Chromosome","Location","P-Value","Source","PubMed"
"58735","Endometriosis","10917151","intergenic","CDC42","998","WNT4","54361","1","22096227","6E-6","NHGRI","23472165"
"58736","Endometriosis","10917151","intergenic","CDC42","998","WNT4","54361","1","22096227","8E-7","NHGRI","23472165"
"58737","Endometriosis","10917151","intergenic","CDC42","998","WNT4","54361","1","22096227","7E-9","NHGRI","23472165"
"58738","Endometriosis","4654783","intergenic","CDC42","998","WNT4","54361","1","22113026","6E-6","NHGRI","23472165"
"58739","Endometriosis","4654783","intergenic","CDC42","998","WNT4","54361","1","22113026","7E-9","NHGRI","23472165"
"58740","Endometriosis","4654783","intergenic","CDC42","998","WNT4","54361","1","22113026","8E-7","NHGRI","23472165"
"58741","Endometriosis","2235529","intron","WNT4","54361","WNT4","54361","1","22123993","6E-6","NHGRI","23472165"
"58742","Endometriosis","2235529","intron","WNT4","54361","WNT4","54361","1","22123993","3E-9","NHGRI","23472165"
"58743","Endometriosis","2235529","intron","WNT4","54361","WNT4","54361","1","22123993","8E-7","NHGRI","23472165"
"58744","Endometriosis","2235529","intron","WNT4","54361","WNT4","54361","1","22123993","7E-9","NHGRI","23472165"
"58745","Endometriosis","16826658","intergenic","WNT4","54361","MIR4418","100616433","1","22159377","2E-6","NHGRI","20601957"
"58746","Endometriosis","16826658","intergenic","WNT4","54361","MIR4418","100616433","1","22159377","8E-7","NHGRI","23472165"
"58747","Endometriosis","7521902","intergenic","WNT4","54361","MIR4418","100616433","1","22164230","3E-11","NHGRI","23104006"
"58748","Endometriosis","7521902","intergenic","WNT4","54361","MIR4418","100616433","1","22164230","8E-7","NHGRI","23472165"
"58749","Endometriosis","12024204","intergenic","ADH5P2","343296","HMGB1P18","646526","1","79777315","6E-6","NHGRI","21151130"
"58750","Endometriosis","801112","intergenic","FTH1P2","2497","ISCA1P2","100288517","1","228860874","5E-6","NHGRI","20844546"
"58751","Endometriosis","10508881","intergenic","LINC00841","283033","CXCL12","6387","10","44046116","4E-7","NHGRI","23472165"
"58752","Endometriosis","11193561","intergenic","RNA5SP326","100873592","MAPKAPK5P1","100533849","10","107614625","6E-6","NHGRI","23472165"
"58753","Endometriosis","3596","ncRNA","VEZT","55591","VEZT","55591","12","95302643","2E-6","NHGRI","23472165"
"58754","Endometriosis","10859871","intergenic","MIR3685","100500802","RPL29P26","643531","12","95318099","5E-13","NHGRI","23104006"
"58755","Endometriosis","10431397","intron","KSR2","283455","KSR2","283455","12","117668388","7E-6","NHGRI","23472165"
"58756","Endometriosis","1268843","intergenic","CYB5AP3","1531","MOAP1","64112","14","93178033","3E-6","NHGRI","23472165"
"58757","Endometriosis","4966038","intron","IGF1R","3480","IGF1R","3480","15","98903402","2E-9","NHGRI","27506219"
"58758","Endometriosis","12449465","nearGene-3","OR1G1","8390","OR1G1","8390","17","3126259","1E-6","NHGRI","23472165"
"58759","Endometriosis","2276314","missense","C18orf21","83608","C18orf21","83608","18","35977502","7E-6","NHGRI","27506219"
"58760","Endometriosis","13394619","splice-3","GREB1","9687","GREB1","9687","2","11587380","6E-9","NHGRI","23104006"
"58761","Endometriosis","11692361","intron","MEIS1","4211","MEIS1","4211","2","66496566","4E-7","NHGRI","27506219"
"58762","Endometriosis","4141819","intergenic","ETAA1","54465","C1D","10438","2","67637542","9E-8","NHGRI","23104006"
"58763","Endometriosis","6542095","intergenic","CKAP2L","150468","IL1A","3552","2","112771605","3E-6","NHGRI","20844546"
"58764","Endometriosis","6757804","intergenic","RND3","390","FABP5P10","344332","2","150779317","6E-8","NHGRI","23472165"
"58765","Endometriosis","7739264","intergenic","UQCRFS1P3","100130994","ID4","3400","6","19785356","4E-10","NHGRI","23104006"
"58766","Endometriosis","6907340","nearGene-3","LOC100506885","100506885","LOC100506885","100506885","6","19803536","2E-7","NHGRI","23472165"
"58767","Endometriosis","10256972","intron","C7orf50","84310","C7orf50","84310","7","999366","3E-6","NHGRI","27506219"
"58768","Endometriosis","12700667","intergenic","UBA52P1","7312","MIR148A","406940","7","25862018","1E-9","NHGRI","21151130"
"58769","Endometriosis","12700667","intergenic","UBA52P1","7312","MIR148A","406940","7","25862018","4E-9","NHGRI","23104006"
"58770","Endometriosis","2270221","intron","PDE1C","5137","PDE1C","5137","7","31864412","1E-6","NHGRI","23472165"
"58771","Endometriosis","7816936","intergenic","RSL24D1P7","100129861","RPL23AP54","100271466","8","5213889","6E-6","NHGRI","23472165"
"58772","Endometriosis","2738113","intergenic","DEFA10P","449493","DEFA1","1667","8","6971562","3E-7","NHGRI","21151130"
"58773","Endometriosis","10975519","cds-synon","IL33","90865","IL33","90865","9","6253570","9E-7","NHGRI","23472165"
"58774","Endometriosis","10965235","intron","CDKN2B-AS1","100048912","CDKN2B-AS1","100048912","9","22115105","6E-12","NHGRI","20601957"
"58775","Endometriosis","1537377","intergenic","UBA52P6","100130239","DMRTA1","63951","9","22169700","2E-9","NHGRI","23104006"
